id,vendor_id,pickup_datetime,dropoff_datetime,passenger_count,pickup_longitude,pickup_latitude,dropoff_longitude,dropoff_latitude,store_and_fwd_flag,trip_duration,pickup_address,pickup_street,pickup_borough,dropoff_address,dropoff_street,dropoff_borough
id1080784,2,2016-02-29 16:40:21,2016-02-29 16:47:01,1,-73.95391845703125,40.77887344360352,-73.96387481689453,40.77116394042969,N,400,"1530, 3rd Avenue, Manhattan Community Board 8, Manhattan, New York County, City of New York, New York, 10028, United States",3rd Avenue,Manhattan,"760, Park Avenue, Manhattan Community Board 8, Manhattan, New York County, City of New York, New York, 11206, United States",Park Avenue,Manhattan
id0889885,1,2016-03-11 23:35:37,2016-03-11 23:53:57,2,-73.98831176757811,40.73174285888672,-73.9947509765625,40.69493103027344,N,1100,"3rd Avenue & East 12th Street, 3rd Avenue, Manhattan Community Board 3, Manhattan, New York County, City of New York, New York, 10035, United States",3rd Avenue,Manhattan,"119, Montague Street, Brooklyn, Kings County, City of New York, New York, 11201, United States",Montague Street,Brooklyn
id0857912,2,2016-02-21 17:59:33,2016-02-21 18:26:48,2,-73.997314453125,40.721458435058594,-73.94802856445312,40.774917602539055,N,1635,"87-97, Kenmare Street, Manhattan Community Board 2, Manhattan, New York County, City of New York, New York, 10012, United States",Kenmare Street,Manhattan,"1597, York Avenue, Manhattan Community Board 8, Manhattan, New York County, City of New York, New York, 10028, United States",York Avenue,Manhattan
id3744273,2,2016-01-05 09:44:31,2016-01-05 10:03:32,6,-73.961669921875,40.75971984863281,-73.95677947998048,40.780628204345696,N,1141,"Bridgemarket Building, East 59th Street, Manhattan Community Board 8, Manhattan, New York County, City of New York, New York, 10022, United States",East 59th Street,Manhattan,"1049, Park Avenue, Manhattan Community Board 8, Manhattan, New York County, City of New York, New York, 10028, United States",Park Avenue,Manhattan
id0232939,1,2016-02-17 06:42:23,2016-02-17 06:56:31,1,-74.01712036132812,40.70846939086913,-73.9881820678711,40.740631103515625,N,848,"West Thames Street & South End Avenue, West Thames Street, Manhattan Community Board 1, Manhattan, New York County, City of New York, New York, 10280, United States",West Thames Street,Manhattan,"One Madison, Madison Avenue, Manhattan Community Board 5, Manhattan, New York County, City of New York, New York, 10010, United States",Madison Avenue,Manhattan
id1918069,2,2016-02-14 18:31:42,2016-02-14 18:55:57,2,-73.99361419677734,40.75188446044922,-73.99542236328125,40.72386169433594,N,1455,"34th Street - Penn Station, West 33rd Street, Chelsea District, Manhattan, New York County, City of New York, New York, 10001, United States",West 33rd Street,Manhattan,"Saint Patrick's Old Cathedral, Mulberry Street, Manhattan Community Board 2, Manhattan, New York County, City of New York, New York, 10012, United States",Mulberry Street,Manhattan
id2429028,1,2016-04-20 20:30:14,2016-04-20 20:36:51,1,-73.96508026123048,40.75891494750977,-73.976806640625,40.76410675048828,N,397,"300, East 57th Street, Manhattan Community Board 6, Manhattan, New York County, City of New York, New York, 10022, United States",East 57th Street,Manhattan,"58, West 57th Street, Manhattan Community Board 5, Manhattan, New York County, City of New York, New York, 10019, United States",West 57th Street,Manhattan
id1663798,2,2016-06-19 16:48:14,2016-06-19 17:06:35,1,-73.96389007568358,40.76543426513672,-73.87242889404298,40.77420043945313,N,1101,"1110, 3rd Avenue, Manhattan Community Board 8, Manhattan, New York County, City of New York, New York, 10065, United States",3rd Avenue,Manhattan,"LaGuardia Airport, 14th Road, Queens, City of New York, New York, 11371, United States",14th Road,Queens
id2436943,2,2016-03-28 19:17:03,2016-03-28 19:48:29,2,-73.87288665771484,40.774280548095696,-73.97901916503906,40.76187896728516,N,1886,"LaGuardia Airport, 14th Road, Queens, City of New York, New York, 11371, United States",14th Road,Queens,"Hilton New York Midtown, 1335, 6th Avenue, Manhattan Community Board 5, Manhattan, New York County, City of New York, New York, 10019, United States",6th Avenue,Manhattan
id2933909,1,2016-04-10 22:01:41,2016-04-10 22:25:30,1,-73.98782348632812,40.74098205566406,-73.99915313720702,40.68645095825195,N,1429,"East 23rd Street, Flatiron District, Manhattan, New York County, City of New York, New York, 10010, United States",East 23rd Street,Manhattan,"15, Cheever Place, Cobble Hill, Brooklyn, Kings County, City of New York, New York, 11231, United States",Cheever Place,Brooklyn
id2750279,1,2016-01-17 19:40:26,2016-01-17 19:49:13,1,-73.9971160888672,40.72209930419922,-74.00689697265625,40.708320617675774,N,527,"27-29, Cleveland Place, Manhattan Community Board 2, Manhattan, New York County, City of New York, New York, 10012, United States",Cleveland Place,Manhattan,"100 William Street, 100, William Street, Manhattan Community Board 1, Manhattan, New York County, City of New York, New York, 10038, United States",William Street,Manhattan
id1338820,2,2016-04-22 23:33:30,2016-04-22 23:48:41,1,-74.00379180908203,40.74182891845703,-73.99333953857422,40.72188186645508,N,911,"111 Eighth Avenue, West 16th Street, Chelsea District, Manhattan, New York County, City of New York, New York, 10011, United States",West 16th Street,Manhattan,"221, Bowery, Manhattan Community Board 3, Manhattan, New York County, City of New York, New York, 10002, United States",Bowery,Manhattan
id0670329,2,2016-01-13 20:25:29,2016-01-13 20:30:40,1,-74.00482177734375,40.72858810424805,-73.99702453613281,40.72712326049805,N,311,"Houston Hall, 222, West Houston Street, University Village, West Village, Manhattan, New York County, City of New York, New York, 10014, United States",West Houston Street,Manhattan,"New York University, Great Jones Alley, Manhattan Community Board 2, Manhattan, New York County, City of New York, New York, 10012, United States",Great Jones Alley,Manhattan
id3131886,2,2016-06-26 13:39:30,2016-06-26 13:57:20,1,-73.98880004882812,40.75274658203125,-73.9959487915039,40.767253875732415,N,1070,"148B, West 37th Street, Garment District, Manhattan, New York County, City of New York, New York, 10018, United States",West 37th Street,Manhattan,"639, West 51st Street, Manhattan Community Board 4, Manhattan, New York County, City of New York, New York, 10019, United States",West 51st Street,Manhattan
id1054271,2,2016-03-17 20:35:44,2016-03-17 20:46:45,1,-73.99478912353516,40.74451065063477,-73.96574401855469,40.754070281982415,N,661,"160, West 24th Street, Chelsea District, Manhattan, New York County, City of New York, New York, 10011, United States",West 24th Street,Manhattan,"896, 1st Avenue, Manhattan Community Board 6, Manhattan, New York County, City of New York, New York, 10022, United States",1st Avenue,Manhattan
id2930166,2,2016-02-21 01:56:14,2016-02-22 01:52:18,1,-74.00287628173827,40.734130859375,-73.9553985595703,40.76750183105469,N,86164,"229, West 4th Street, Manhattan Community Board 2, Manhattan, New York County, City of New York, New York, 10014, United States",West 4th Street,Manhattan,"420, East 72nd Street, Lenox Hill, Manhattan, New York County, City of New York, New York, 10021, United States",East 72nd Street,Manhattan
id3867951,2,2016-04-13 22:27:11,2016-04-13 22:42:02,1,-73.97959899902342,40.76065826416016,-73.97838592529298,40.72956085205078,N,891,"1290 Avenue of the Americas, 1290, 6th Avenue, Manhattan Community Board 5, Manhattan, New York County, City of New York, New York, 10019, United States",6th Avenue,Manhattan,"Citi Bike - East 14th Street & Avenue B, East 14th Street, Alphabet City, Manhattan Community Board 6, Manhattan, New York County, City of New York, New York, 10009, United States",East 14th Street,Manhattan
id1520195,2,2016-02-29 08:48:00,2016-02-29 09:13:47,1,-73.98253631591797,40.74568176269531,-74.01101684570312,40.71466445922852,N,1547,"Building 462-468 Park Avenue South, East 32nd Street, Manhattan Community Board 5, Manhattan, New York County, City of New York, New York, 10016, United States",East 32nd Street,Manhattan,"75 Park Place, 75, Park Place, Manhattan Community Board 1, Manhattan, New York County, City of New York, New York, 10007, United States",Park Place,Manhattan
id0424659,2,2016-02-22 22:36:38,2016-02-22 22:48:35,3,-73.98348236083984,40.75540161132813,-73.94622802734375,40.78234100341797,N,717,"Manhattan Community Board 5, Manhattan, New York County, City of New York, New York, United States",,Manhattan,"335, East 94th Street, Manhattan Community Board 8, Manhattan, New York County, City of New York, New York, 10128, United States",East 94th Street,Manhattan
id3128158,1,2016-04-19 21:52:54,2016-04-19 22:15:49,1,-73.94942474365234,40.71392059326172,-73.97227478027344,40.75564193725585,N,1375,"Metropolitan Avenue–Lorimer Street, Devoe Street, Williamsburg, Brooklyn, Kings County, City of New York, New York, 11211, United States",Devoe Street,Brooklyn,"143, East 49th Street, Manhattan Community Board 6, Manhattan, New York County, City of New York, New York, 10022, United States",East 49th Street,Manhattan
id3331801,1,2016-03-20 03:37:31,2016-03-20 03:44:51,1,-74.00061798095702,40.73591613769531,-73.98303985595702,40.73879623413085,N,440,"58, Greenwich Avenue, Manhattan Community Board 2, Manhattan, New York County, City of New York, New York, 10011, United States",Greenwich Avenue,Manhattan,"201, East 23rd Street, Manhattan Community Board 6, Manhattan, New York County, City of New York, New York, 10010, United States",East 23rd Street,Manhattan
id2970074,1,2016-06-23 19:08:37,2016-06-23 19:40:54,1,-73.86325073242188,40.76974487304688,-73.98038482666014,40.75566482543945,N,1937,"Terminal C, Terminal D Post-Security, Queens, City of New York, New York, 11369, United States",Terminal D Post-Security,Queens,"12, West 45th Street, Manhattan Community Board 5, Manhattan, New York County, City of New York, New York, 10036, United States",West 45th Street,Manhattan
id1095273,2,2016-06-02 19:15:35,2016-06-02 19:47:20,6,-73.86346435546875,40.76976776123047,-73.97277069091797,40.755130767822266,N,1905,"Terminal C, Terminal D Post-Security, Queens, City of New York, New York, 11369, United States",Terminal D Post-Security,Queens,"137, East 48th Street, Manhattan Community Board 6, Manhattan, New York County, City of New York, New York, 10017, United States",East 48th Street,Manhattan
id2153065,1,2016-02-28 09:12:45,2016-02-28 09:18:10,1,-74.00525665283203,40.72033309936523,-74.0062484741211,40.73451614379883,N,325,"Canal Street, Laight Street, Manhattan Community Board 1, Manhattan, New York County, City of New York, New York, 10013, United States",Laight Street,Manhattan,"113, Charles Street, Manhattan Community Board 2, Manhattan, New York County, City of New York, New York, 10014, United States",Charles Street,Manhattan
id0797596,1,2016-03-24 15:26:04,2016-03-24 15:29:10,1,-73.96075439453125,40.770301818847656,-73.9539566040039,40.7789421081543,N,186,"iClean, 182, East 73rd Street, Lenox Hill, Manhattan, New York County, City of New York, New York, 10021, United States",East 73rd Street,Manhattan,"1530, 3rd Avenue, Manhattan Community Board 8, Manhattan, New York County, City of New York, New York, 10028, United States",3rd Avenue,Manhattan
id1348092,2,2016-03-03 07:53:30,2016-03-03 08:00:15,1,-73.99539184570312,40.73411178588867,-73.98568725585938,40.75257873535156,N,405,"7, West 11th Street, Washington Square Village, Manhattan Community Board 2, Manhattan, New York County, City of New York, New York, 10011, United States",West 11th Street,Manhattan,"1026, 6th Avenue, Midtown South, Manhattan, New York County, City of New York, New York, 10018, United States",6th Avenue,Manhattan
id1766292,1,2016-06-26 14:50:05,2016-06-26 15:29:15,2,-74.00016784667969,40.75814056396485,-73.947265625,40.764793395996094,N,2350,"460, 11th Avenue, Manhattan Community Board 4, Manhattan, New York County, City of New York, New York, 10018, United States",11th Avenue,Manhattan,"10, River Road, Manhattan Community Board 8, Manhattan, New York County, City of New York, New York, 10044, United States",River Road,Manhattan
id3742607,1,2016-01-22 17:47:13,2016-01-22 17:51:56,1,-73.95869445800781,40.76382827758789,-73.96668243408203,40.76412582397461,N,283,"USPS, 1st Avenue, Manhattan Community Board 8, Manhattan, New York County, City of New York, New York, 10065, United States",1st Avenue,Manhattan,"141, East 62nd Street, Manhattan Community Board 8, Manhattan, New York County, City of New York, New York, 10065, United States",East 62nd Street,Manhattan
id2431017,2,2016-01-21 08:28:19,2016-01-21 08:49:36,1,-74.00749969482422,40.71553039550781,-73.97882080078125,40.75590896606445,N,1277,"176, Church Street, Manhattan Community Board 1, Manhattan, New York County, City of New York, New York, 10013, United States",Church Street,Manhattan,"2, East 46th Street, Manhattan Community Board 5, Manhattan, New York County, City of New York, New York, 10017, United States",East 46th Street,Manhattan
id2735992,1,2016-03-24 22:33:49,2016-03-24 22:39:09,2,-73.98820495605469,40.73826599121094,-73.98521423339844,40.747520446777344,N,320,"42, East 20th Street, Manhattan Community Board 5, Manhattan, New York County, City of New York, New York, 10003, United States",East 20th Street,Manhattan,"Bonchon Chicken, 525, 5th Avenue, Manhattan Community Board 5, Manhattan, New York County, City of New York, New York, 10016, United States",5th Avenue,Manhattan
id1508344,1,2016-06-07 09:22:55,2016-06-07 09:53:24,1,-73.97560119628906,40.76280975341797,-73.9912109375,40.75008773803711,N,1829,"17, West 56th Street, Manhattan Community Board 5, Manhattan, New York County, City of New York, New York, 10019, United States",West 56th Street,Manhattan,"Pennsylvania Station, Pennsylvania Plaza, Chelsea District, Manhattan, New York County, City of New York, New York, 10119, United States",Pennsylvania Plaza,Manhattan
id3967204,1,2016-03-14 13:42:55,2016-03-14 13:47:10,1,-73.99496459960938,40.76030349731445,-73.98484802246094,40.76784133911133,N,255,"484, West 43rd Street, Manhattan Community Board 4, Manhattan, New York County, City of New York, New York, 10036, United States",West 43rd Street,Manhattan,"Hudson Hotel, 358, West 58th Street, Manhattan Community Board 4, Manhattan, New York County, City of New York, New York, 10019, United States",West 58th Street,Manhattan
id2525756,2,2016-04-07 15:58:01,2016-04-07 16:15:55,1,-73.98680877685547,40.76139068603516,-73.96106719970702,40.80662155151367,N,1074,"Ho Ho Té Boba Tea, 805, 8th Avenue, Manhattan Community Board 4, Manhattan, New York County, City of New York, New York, 10019, United States",8th Avenue,Manhattan,"USPS, Amsterdam Avenue, Manhattan Community Board 9, Manhattan, New York County, City of New York, New York, 10115, United States",Amsterdam Avenue,Manhattan
id2833454,1,2016-01-09 16:09:40,2016-01-09 16:12:17,1,-73.99815368652342,40.740570068359375,-74.0042266845703,40.747535705566406,N,157,"18th Street, 7th Avenue, Chelsea, Manhattan, New York County, City of New York, New York, 10001, United States",7th Avenue,Manhattan,"218, 10th Avenue, Chelsea District, Manhattan, New York County, City of New York, New York, 10011, United States",10th Avenue,Manhattan
id3899144,2,2016-04-08 08:52:36,2016-04-08 09:09:39,1,-73.9655990600586,40.754661560058594,-73.9576873779297,40.78009033203125,N,1023,"929, 1st Avenue, Manhattan Community Board 6, Manhattan, New York County, City of New York, New York, 10022, United States",1st Avenue,Manhattan,"1036, Park Avenue, Manhattan Community Board 8, Manhattan, New York County, City of New York, New York, 10028, United States",Park Avenue,Manhattan
id3544774,2,2016-03-30 18:18:40,2016-03-30 18:49:28,6,-73.9701614379883,40.75860977172852,-73.99028778076173,40.75651931762695,N,1848,"Saint Peter's Lutheran Church, East 54th Street, Manhattan Community Board 6, Manhattan, New York County, City of New York, New York, 10022, United States",East 54th Street,Manhattan,"Times Square–42nd Street/Port Authority Bus Terminal, West 39th Street, Manhattan Community Board 5, Manhattan, New York County, City of New York, New York, 10036, United States",West 39th Street,Manhattan
id3971051,2,2016-02-24 11:18:27,2016-02-24 11:23:25,1,-73.98065185546875,40.78316879272461,-73.98731994628906,40.77527236938477,N,298,"2199, Broadway, Upper West Side, Manhattan, New York County, City of New York, New York, 10024, United States",Broadway,Manhattan,"West 65th Street & West End Avenue, West 65th Street, Upper West Side, Manhattan, New York County, City of New York, New York, 10023, United States",West 65th Street,Manhattan
id3803118,1,2016-03-31 13:14:47,2016-03-31 13:20:26,1,-73.9828109741211,40.7513084411621,-73.98542022705078,40.74822998046875,N,339,"424, 5th Avenue, Manhattan Community Board 5, Manhattan, New York County, City of New York, New York, 10018, United States",5th Avenue,Manhattan,"Empire State Building, 350, 5th Avenue, Manhattan Community Board 5, Manhattan, New York County, City of New York, New York, 10018, United States",5th Avenue,Manhattan
id0206545,1,2016-03-22 20:44:14,2016-03-22 20:51:44,4,-74.00291442871094,40.75049591064453,-73.9933853149414,40.74306106567383,N,450,"The High Line, West 27th Drive, Chelsea, Manhattan, New York County, City of New York, New York, 10001, United States",West 27th Drive,Manhattan,"120, West 23rd Street, Chelsea, Manhattan, New York County, City of New York, New York, 10011, United States",West 23rd Street,Manhattan
id2649925,2,2016-01-04 19:10:00,2016-01-04 19:14:47,1,-73.97174835205078,40.75770568847656,-73.97193908691406,40.76565933227539,N,287,"345 Park Avenue, 345, Park Avenue, Manhattan Community Board 5, Manhattan, New York County, City of New York, New York, 10154, United States",Park Avenue,Manhattan,"800, 5th Avenue, Manhattan Community Board 8, Manhattan, New York County, City of New York, New York, 10065, United States",5th Avenue,Manhattan
id1679612,2,2016-05-25 19:04:18,2016-05-25 19:34:53,1,-73.9807891845703,40.76057815551758,-73.94403839111328,40.77593994140625,N,1835,"Rockefeller Center, 45, Rockefeller Plaza, Manhattan Community Board 5, Manhattan, New York County, City of New York, New York, 10111, United States",Rockefeller Plaza,Manhattan,"170, East End Avenue, Manhattan Community Board 8, Manhattan, New York County, City of New York, New York, 10128, United States",East End Avenue,Manhattan
id0500763,1,2016-02-25 15:04:13,2016-02-25 15:13:33,2,-73.95838165283203,40.760417938232415,-73.96880340576173,40.76357269287109,N,560,"1132, York Avenue, Manhattan Community Board 8, Manhattan, New York County, City of New York, New York, 10065, United States",York Avenue,Manhattan,"107, East 60th Street, Manhattan Community Board 8, Manhattan, New York County, City of New York, New York, 10065, United States",East 60th Street,Manhattan
id1100632,1,2016-03-02 16:29:40,2016-03-02 17:06:09,1,-73.9974594116211,40.72473526000977,-73.95441436767578,40.6698112487793,N,2189,"Prince Street, Broadway, Manhattan Community Board 2, Manhattan, New York County, City of New York, New York, 10003, United States",Broadway,Manhattan,"Eastern Parkway Service Road, Crown Heights, Brooklyn, Kings County, City of New York, New York, 11225, United States",Eastern Parkway Service Road,Brooklyn
id1216289,2,2016-04-20 14:29:28,2016-04-20 14:35:14,5,-73.99295806884766,40.737396240234375,-74.00001525878906,40.73404693603516,N,346,"Bandier, West 16th Street, Manhattan Community Board 5, Manhattan, New York County, City of New York, New York, 10011, United States",West 16th Street,Manhattan,"9th Street, West 9th Street, Washington Square Village, Manhattan Community Board 2, Manhattan, New York County, City of New York, New York, 10011, United States",West 9th Street,Manhattan
id2271116,2,2016-06-15 12:42:42,2016-06-15 13:06:44,1,-73.97991180419923,40.775970458984375,-73.97124481201173,40.75648880004883,N,1442,"Athleta, 216, Columbus Avenue, Manhattan Community Board 7, Manhattan, New York County, City of New York, New York, 10023, United States",Columbus Avenue,Manhattan,"Doubletree by Hilton Hotel Metropolitan, 569, Lexington Avenue, Manhattan Community Board 6, Manhattan, New York County, City of New York, New York, 10022, United States",Lexington Avenue,Manhattan
id3281604,1,2016-06-03 13:04:51,2016-06-03 13:14:00,1,-73.9792709350586,40.7371940612793,-73.99177551269531,40.74245071411133,N,549,"334, East 23rd Street, Manhattan Community Board 6, Manhattan, New York County, City of New York, New York, 10010, United States",East 23rd Street,Manhattan,"West 23rd Street & 6th Avenue, West 23rd Street, Manhattan Community Board 5, Manhattan, New York County, City of New York, New York, 10011, United States",West 23rd Street,Manhattan
id2681567,2,2016-01-11 17:32:35,2016-01-11 17:56:15,1,-73.95093536376955,40.78596878051758,-73.98404693603516,40.74286651611328,N,1420,"96th Street, East 95th Street, Manhattan Community Board 8, Manhattan, New York County, City of New York, New York, 10128, United States",East 95th Street,Manhattan,"387 Park Avenue South, 387, Park Avenue South, Manhattan Community Board 5, Manhattan, New York County, City of New York, New York, 10016, United States",Park Avenue South,Manhattan
id1294417,1,2016-05-31 12:56:43,2016-05-31 13:22:29,1,-73.97336578369139,40.74615097045898,-73.97282409667969,40.79031372070313,N,1546,"Offices at The Corintian, 345, East 37th Street, Murray Hill, Manhattan, New York County, City of New York, New York, 10016, United States",East 37th Street,Manhattan,"175, West 90th Street, Manhattan Community Board 7, Manhattan, New York County, City of New York, New York, 10024, United States",West 90th Street,Manhattan
id0255840,2,2016-04-17 14:04:06,2016-04-17 14:09:19,1,-73.98658752441406,40.75138092041016,-73.98552703857422,40.75801849365234,N,313,"The Vogue, 990, 6th Avenue, Midtown South, Manhattan, New York County, City of New York, New York, 10018, United States",6th Avenue,Manhattan,"7th Avenue, Theater District, Manhattan, New York County, City of New York, New York, 10019, United States",7th Avenue,Manhattan
id3094049,2,2016-01-16 20:04:01,2016-01-16 20:10:13,1,-73.96810150146483,40.75540542602539,-73.94853210449219,40.77798080444336,N,372,"The Smith, 956, 2nd Avenue, Manhattan Community Board 6, Manhattan, New York County, City of New York, New York, 10022, United States",2nd Avenue,Manhattan,"1678, 1st Avenue, Manhattan Community Board 8, Manhattan, New York County, City of New York, New York, 10128, United States",1st Avenue,Manhattan
id0156302,1,2016-04-18 20:52:54,2016-04-18 21:06:22,1,-74.00796508789062,40.71700668334961,-73.99738311767578,40.68365097045898,N,808,"The Odeon, 146, West Broadway, Manhattan Community Board 1, Manhattan, New York County, City of New York, New York, 10012, United States",West Broadway,Manhattan,"381, Clinton Street, Cobble Hill, Brooklyn, Kings County, City of New York, New York, 11231, United States",Clinton Street,Brooklyn
id2552522,1,2016-02-13 11:47:27,2016-02-13 12:11:02,2,-73.9781265258789,40.75202941894531,-73.9958724975586,40.76920318603516,N,1415,"120, Park Avenue, Manhattan Community Board 5, Manhattan, New York County, City of New York, New York, 10016, United States",Park Avenue,Manhattan,"Piers 92/94, West 52nd Street, Manhattan Community Board 4, Manhattan, New York County, City of New York, New York, 10019, United States",West 52nd Street,Manhattan
id1020589,2,2016-06-26 16:26:52,2016-06-26 16:33:18,1,-73.99533081054686,40.75996017456055,-73.98059844970702,40.77997970581055,N,386,"576, 10th Avenue, Manhattan Community Board 4, Manhattan, New York County, City of New York, New York, 10036, United States",10th Avenue,Manhattan,"USPS, Amsterdam Avenue, Upper West Side, Manhattan, New York County, City of New York, New York, 10040, United States",Amsterdam Avenue,Manhattan
id1571256,1,2016-05-07 08:34:19,2016-05-07 08:37:53,1,-73.95829010009766,40.77293395996094,-73.95057678222656,40.78556823730469,N,214,"Fidelity Investor Center, 1356, 3rd Avenue, Manhattan Community Board 8, Manhattan, New York County, City of New York, New York, 10075, United States",3rd Avenue,Manhattan,"Samuel Seabury Playground, East 96th Street, Manhattan Community Board 8, Manhattan, New York County, City of New York, New York, 10128, United States",East 96th Street,Manhattan
id3198538,2,2016-06-05 10:31:20,2016-06-05 10:37:23,1,-73.96129608154298,40.79622650146485,-73.94064331054686,40.81394577026367,N,363,"103rd Street, Central Park West, Bloomingdale, Upper West Side, Manhattan, New York County, City of New York, New York, 10025, United States",Central Park West,Manhattan,"A.M.E. Metropolitan Church, 58, West 135th Street, Harlem, Manhattan, New York County, City of New York, New York, 10037, United States",West 135th Street,Manhattan
id3695961,1,2016-05-30 23:04:00,2016-05-30 23:42:00,1,-73.98436737060547,40.76020812988281,-73.91324615478516,40.68678283691406,N,2280,"1600 Broadway, 1600, Broadway, Times Square, Manhattan, New York County, City of New York, New York, 10019, United States",Broadway,Manhattan,"1285, Bushwick Avenue, Brooklyn, Kings County, City of New York, New York, 11207, United States",Bushwick Avenue,Brooklyn
id1105969,2,2016-05-06 13:46:40,2016-05-06 14:05:03,2,-73.96073150634766,40.78115081787109,-73.97531890869139,40.76102066040039,N,1103,"1040, 5th Avenue, Manhattan Community Board 8, Manhattan, New York County, City of New York, New York, 10028, United States",5th Avenue,Manhattan,"Coach, East 54th Street, Manhattan Community Board 5, Manhattan, New York County, City of New York, New York, 10022, United States",East 54th Street,Manhattan
id0771613,2,2016-05-19 10:28:55,2016-05-19 10:41:16,1,-73.97269439697266,40.753177642822266,-73.9300765991211,40.75613021850585,N,741,"733, 3rd Avenue, Manhattan Community Board 6, Manhattan, New York County, City of New York, New York, 10017, United States",3rd Avenue,Manhattan,"36th Avenue, Sunnyside Gardens, Queens, City of New York, New York, 11106, United States",36th Avenue,Queens
id0076747,1,2016-05-15 12:04:57,2016-05-15 12:13:11,1,-73.9794921875,40.754676818847656,-73.9760513305664,40.74665069580078,N,494,"535, 5th Avenue, Midtown East, Manhattan, New York County, City of New York, New York, 10017, United States",5th Avenue,Manhattan,"The Parker Crescent, 225, East 36th Street, Manhattan Community Board 6, Manhattan, New York County, City of New York, New York, 10016, United States",East 36th Street,Manhattan
id2645667,1,2016-04-11 21:29:36,2016-04-11 21:52:48,1,-73.98775482177734,40.72439956665039,-73.98375701904298,40.78281784057617,N,1392,"45, 1st Avenue, Manhattan Community Board 3, Manhattan, New York County, City of New York, New York, 10003, United States",1st Avenue,Manhattan,"The Elliot, 320, West 76th Street, Upper West Side, Manhattan, New York County, City of New York, New York, 10023, United States",West 76th Street,Manhattan
id1908546,2,2016-03-15 08:59:39,2016-03-15 09:11:16,1,-73.96726989746094,40.76919937133789,-73.9749984741211,40.75537109375,N,697,"Max Mara, East 68th Street, Manhattan Community Board 8, Manhattan, New York County, City of New York, New York, 10021, United States",East 68th Street,Manhattan,"Grand Central Terminal, Vanderbilt Avenue, Manhattan Community Board 5, Manhattan, New York County, City of New York, New York, 10017, United States",Vanderbilt Avenue,Manhattan
id1431716,1,2016-01-05 18:39:10,2016-01-05 18:50:22,1,-73.95994567871094,40.77349472045898,-73.96501922607422,40.75800323486328,N,672,"1095, Lexington Avenue, Manhattan Community Board 8, Manhattan, New York County, City of New York, New York, 10021, United States",Lexington Avenue,Manhattan,"The Bristol, 300, East 56th Street, Manhattan Community Board 6, Manhattan, New York County, City of New York, New York, 10022, United States",East 56th Street,Manhattan
id2893078,1,2016-03-30 13:39:23,2016-03-30 13:47:35,1,-73.99021911621094,40.74647903442383,-73.9815902709961,40.75944519042969,N,492,"827, 6th Avenue, Chelsea District, Manhattan, New York County, City of New York, New York, 10001, United States",6th Avenue,Manhattan,"Rockefeller Center, 45, Rockefeller Plaza, Manhattan Community Board 5, Manhattan, New York County, City of New York, New York, 10111, United States",Rockefeller Plaza,Manhattan
id2751531,1,2016-05-01 12:15:34,2016-05-01 12:18:19,1,-73.8232192993164,40.76367568969727,-73.8232421875,40.76372528076172,N,165,"143-59, 37th Avenue, Flushing, Queens, City of New York, New York, 11354, United States",37th Avenue,Queens,"143-59, 37th Avenue, Flushing, Queens, City of New York, New York, 11354, United States",37th Avenue,Queens
id0673889,1,2016-03-25 11:00:38,2016-03-25 11:06:48,2,-73.94227600097656,40.79894638061523,-73.93728637695312,40.813175201416016,N,370,"115, East 116th Street, Manhattan Community Board 11, Manhattan, New York County, City of New York, New York, 10035, United States",East 116th Street,Manhattan,"John B. Russwurm Elementary School P.S. 197, 2230, 5th Avenue, Manhattan Community Board 10, Manhattan, New York County, City of New York, New York, 10037, United States",5th Avenue,Manhattan
id1612381,2,2016-05-23 19:24:19,2016-05-23 19:30:57,6,-73.99523162841797,40.72745132446289,-73.9994583129883,40.718528747558594,N,398,"New York University, Great Jones Alley, Manhattan Community Board 2, Manhattan, New York County, City of New York, New York, 10012, United States",Great Jones Alley,Manhattan,"Canal Street, Centre Street, Manhattan Community Board 2, Manhattan, New York County, City of New York, New York, 10013, United States",Centre Street,Manhattan
id0869604,2,2016-06-08 09:52:11,2016-06-08 10:06:19,1,-74.00603485107422,40.73316955566406,-74.0037612915039,40.75093078613281,N,848,"Christopher Street (PATH), Hudson Street, Manhattan Community Board 2, Manhattan, New York County, City of New York, New York, 10014, United States",Hudson Street,Manhattan,"Scores, West 27th Street, Chelsea District, Manhattan, New York County, City of New York, New York, 10001, United States",West 27th Street,Manhattan
id3263253,2,2016-03-25 21:55:32,2016-03-25 21:59:41,2,-73.98784637451173,40.73822021484375,-74.00054931640625,40.74150085449219,N,249,"Barbounia, 250, Park Avenue South, Manhattan Community Board 5, Manhattan, New York County, City of New York, New York, 10003, United States",Park Avenue South,Manhattan,"257, West 17th Street, Chelsea District, Manhattan, New York County, City of New York, New York, 10011, United States",West 17th Street,Manhattan
id0645556,2,2016-06-10 09:42:40,2016-06-10 09:45:34,1,-73.99661254882812,40.7236213684082,-73.99128723144531,40.72980117797852,N,174,"264, Lafayette Street, Manhattan Community Board 2, Manhattan, New York County, City of New York, New York, 10012, United States",Lafayette Street,Manhattan,"Astor Place, Lafayette Street, Manhattan Community Board 2, Manhattan, New York County, City of New York, New York, 10003, United States",Lafayette Street,Manhattan
id2022839,1,2016-01-18 22:25:49,2016-01-18 22:58:11,2,-73.7881317138672,40.641510009765625,-73.99349975585938,40.752307891845696,N,1942,"Terminal 2 Arrivals, Queens County, City of New York, New York, 11430, United States",Terminal 2 Arrivals,Queens County,"34th Street - Penn Station, West 33rd Street, Manhattan Community Board 4, Manhattan, New York County, City of New York, New York, 10001, United States",West 33rd Street,Manhattan
id3258617,2,2016-03-09 00:43:09,2016-03-09 00:49:01,1,-73.97496795654298,40.79045867919922,-73.98919677734375,40.77447128295898,N,352,"2431, Broadway, Manhattan Community Board 7, Manhattan, New York County, City of New York, New York, 10024, United States",Broadway,Manhattan,"298, West 63rd Street, Manhattan Community Board 7, Manhattan, New York County, City of New York, New York, 10023, United States",West 63rd Street,Manhattan
id3892337,2,2016-04-04 20:50:22,2016-04-04 20:55:48,1,-73.98072814941406,40.75991821289063,-73.98049926757811,40.77322769165039,N,326,"Rockefeller Center, 45, Rockefeller Plaza, Manhattan Community Board 5, Manhattan, New York County, City of New York, New York, 10111, United States",Rockefeller Plaza,Manhattan,"WABC & ABC Headquarters, 77, West 66th Street, Upper West Side, Manhattan, New York County, City of New York, New York, 10023, United States",West 66th Street,Manhattan
id3101500,2,2016-02-11 19:16:21,2016-02-11 19:26:36,1,-74.00353240966798,40.7223014831543,-73.98724365234375,40.72238540649415,N,615,"60, Grand Street, Manhattan Community Board 2, Manhattan, New York County, City of New York, New York, 10013, United States",Grand Street,Manhattan,"Katz's Delicatessen, 205, East Houston Street, Manhattan Community Board 3, Manhattan, New York County, City of New York, New York, 10002, United States",East Houston Street,Manhattan
id0281865,2,2016-05-09 16:19:11,2016-05-09 16:31:02,2,-73.98483276367188,40.75875854492188,-73.97627258300781,40.741981506347656,N,711,"McDonald's, Times Square, Theater District, Manhattan, New York County, City of New York, New York, 10036, United States",Times Square,Manhattan,"Kips Bay Tower South, East 30th Street, Manhattan Community Board 6, Manhattan, New York County, City of New York, New York, 10016, United States",East 30th Street,Manhattan
id3204761,2,2016-06-03 17:29:49,2016-06-03 18:05:40,1,-74.00697326660156,40.67599105834961,-73.94937896728516,40.71765899658203,N,2151,"Columbia Street, Red Hook, Brooklyn, Kings County, City of New York, New York, 11231, United States",Columbia Street,Brooklyn,"64, Frost Street, Williamsburg, Brooklyn, Kings County, City of New York, New York, 11211, United States",Frost Street,Brooklyn
id1432958,1,2016-05-29 13:29:10,2016-05-29 13:37:17,1,-74.00513458251955,40.73596572875977,-73.98223114013672,40.72798156738281,N,487,"288, West 11th Street, Manhattan Community Board 2, Manhattan, New York County, City of New York, New York, 10014, United States",West 11th Street,Manhattan,"293, East 10th Street, Alphabet City, Manhattan Community Board 3, Manhattan, New York County, City of New York, New York, 10009, United States",East 10th Street,Manhattan
id3241814,1,2016-02-20 11:43:44,2016-02-20 12:00:35,1,-73.99600219726562,40.73687744140625,-73.98749542236328,40.72180557250977,N,1011,"50, West 14th Street, Manhattan Community Board 2, Manhattan, New York County, City of New York, New York, 10011, United States",West 14th Street,Manhattan,"175, Ludlow Street, Manhattan Community Board 3, Manhattan, New York County, City of New York, New York, 10002, United States",Ludlow Street,Manhattan
id0116773,2,2016-06-16 18:58:23,2016-06-16 19:07:16,2,-73.9651107788086,40.77516174316406,-73.96121215820312,40.76675415039063,N,533,"953, 5th Avenue, Manhattan Community Board 8, Manhattan, New York County, City of New York, New York, 10021, United States",5th Avenue,Manhattan,"236, East 68th Street, Manhattan Community Board 8, Manhattan, New York County, City of New York, New York, 10065, United States",East 68th Street,Manhattan
id2719888,2,2016-01-06 22:22:08,2016-01-06 23:06:47,1,-73.9769515991211,40.747291564941406,-73.77628326416014,40.6455307006836,N,2679,"545, 3rd Avenue, Manhattan Community Board 6, Manhattan, New York County, City of New York, New York, 10016, United States",3rd Avenue,Manhattan,"Terminal 5, 29B, Queens, City of New York, New York, 11430, United States",29B,Queens
id2039617,2,2016-02-23 11:05:38,2016-02-23 11:11:25,4,-73.98063659667969,40.74516677856445,-73.99190521240234,40.73115539550781,N,347,"New York Doctors Urgent Care, 205, Lexington Avenue, Manhattan Community Board 6, Manhattan, New York County, City of New York, New York, 10016, United States",Lexington Avenue,Manhattan,"2, Wanamaker Place, Manhattan Community Board 2, Manhattan, New York County, City of New York, New York, 10003, United States",Wanamaker Place,Manhattan
id1571068,2,2016-06-14 19:25:51,2016-06-14 19:32:30,1,-73.9908218383789,40.75101089477539,-73.99324035644531,40.76268005371094,N,399,"34th-Street - Penn Station, 7th Avenue, Manhattan Community Board 5, Manhattan, New York County, City of New York, New York, 10019, United States",7th Avenue,Manhattan,"666, 10th Avenue, Manhattan Community Board 4, Manhattan, New York County, City of New York, New York, 10036, United States",10th Avenue,Manhattan
id0706828,2,2016-03-28 15:37:34,2016-03-28 15:57:16,1,-73.98931121826173,40.760398864746094,-73.95411682128906,40.77893829345703,N,1182,"336, West 46th Street, Manhattan Community Board 4, Manhattan, New York County, City of New York, New York, 10036, United States",West 46th Street,Manhattan,"Papaya King, 179, East 86th Street, Manhattan Community Board 8, Manhattan, New York County, City of New York, New York, 10028, United States",East 86th Street,Manhattan
id2351594,2,2016-01-18 22:28:20,2016-01-18 22:37:21,5,-73.98509979248048,40.72783660888672,-73.9982681274414,40.74557113647461,N,541,"138, 1st Avenue, Manhattan Community Board 3, Manhattan, New York County, City of New York, New York, 10009, United States",1st Avenue,Manhattan,"8th Avenue & West 23rd Street, 8th Avenue, Chelsea, Manhattan, New York County, City of New York, New York, 10001, United States",8th Avenue,Manhattan
id3829549,2,2016-03-21 13:02:46,2016-03-21 13:29:18,1,-73.88533020019531,40.76769256591797,-73.989990234375,40.73330307006836,N,1592,"9072, Grand Central Parkway, North Beach, Queens, City of New York, New York, 11375, United States",Grand Central Parkway,Queens,"Hyatt Union Square New York, 134, 4th Avenue, Manhattan Community Board 2, Manhattan, New York County, City of New York, New York, 10003, United States",4th Avenue,Manhattan
id0219601,2,2016-05-05 22:56:29,2016-05-05 23:20:50,6,-73.78221893310547,40.64466857910156,-73.86300659179686,40.67908096313477,N,1461,"John F. Kennedy International Airport, JFK Access Road, Queens, City of New York, New York, 11430, United States",JFK Access Road,Queens,"1242, Liberty Avenue, Brooklyn, Kings County, City of New York, New York, 11208, United States",Liberty Avenue,Brooklyn
id3738703,1,2016-03-24 15:49:01,2016-03-24 16:27:54,1,-74.00930786132812,40.71550369262695,-74.0156707763672,40.7155876159668,N,2333,"Chambers Street, Hudson Street, Manhattan Community Board 1, Manhattan, New York County, City of New York, New York, 10014, United States",Hudson Street,Manhattan,"175, North End Avenue, Manhattan Community Board 1, Manhattan, New York County, City of New York, New York, 10282, United States",North End Avenue,Manhattan
id0652982,2,2016-04-02 11:55:47,2016-04-02 12:05:44,2,-73.97843933105469,40.72964096069336,-73.95924377441406,40.76340866088867,N,597,"Citi Bike - East 14th Street & Avenue B, East 14th Street, Alphabet City, Manhattan Community Board 6, Manhattan, New York County, City of New York, New York, 10009, United States",East 14th Street,Manhattan,"1205, 1st Avenue, Manhattan Community Board 8, Manhattan, New York County, City of New York, New York, 10065, United States",1st Avenue,Manhattan
id1619047,1,2016-01-22 16:31:36,2016-01-22 16:45:20,1,-73.97657775878906,40.7755012512207,-73.96173858642578,40.76433181762695,N,824,"72nd Street, Central Park West, Manhattan Community Board 7, Manhattan, New York County, City of New York, New York, 10023, United States",Central Park West,Manhattan,"250, East 65th Street, Manhattan Community Board 8, Manhattan, New York County, City of New York, New York, 10065, United States",East 65th Street,Manhattan
id3018403,1,2016-03-16 19:32:40,2016-03-16 19:44:39,1,-73.97740173339844,40.75545501708984,-73.957763671875,40.77859115600585,N,719,"Charles Tyrwhitt, Madison Avenue, Manhattan Community Board 5, Manhattan, New York County, City of New York, New York, 10037, United States",Madison Avenue,Manhattan,"100, East 84th Street, Manhattan Community Board 8, Manhattan, New York County, City of New York, New York, 10028, United States",East 84th Street,Manhattan
id0275189,2,2016-04-29 06:14:04,2016-04-29 06:17:05,6,-73.97689819335938,40.7559814453125,-73.9785614013672,40.76511001586913,N,181,"Grand Central Terminal, East 47th Street, Manhattan Community Board 5, Manhattan, New York County, City of New York, New York, 10017, United States",East 47th Street,Manhattan,"Calvary Baptist Church, 123, West 57th Street, Manhattan Community Board 5, Manhattan, New York County, City of New York, New York, 10019, United States",West 57th Street,Manhattan
id2149293,2,2016-03-08 22:09:02,2016-03-08 22:28:27,1,-74.00772094726562,40.71004486083984,-73.95571899414062,40.714115142822266,N,1165,"88, Nassau Street, Manhattan Community Board 1, Manhattan, New York County, City of New York, New York, 10038, United States",Nassau Street,Manhattan,"367, Metropolitan Avenue, Williamsburg, Brooklyn, Kings County, City of New York, New York, 11211, United States",Metropolitan Avenue,Brooklyn
id0971812,2,2016-03-05 19:13:02,2016-03-05 19:45:13,1,-73.96497344970702,40.7911491394043,-73.91362762451173,40.71490097045898,N,1931,"Citi Bike - Central Park West & West 96th Street, Central Park Outer Loop, Manhattan, New York County, City of New York, New York, 10025, United States",Central Park Outer Loop,Manhattan,"52-15, Flushing Avenue, Queens, City of New York, New York, 11378, United States",Flushing Avenue,Queens
id1121455,2,2016-04-06 22:13:01,2016-04-06 22:52:36,5,-73.9805679321289,40.76568984985352,-73.99540710449219,40.68320846557617,N,2375,"Rodin Studios, 200, West 57th Street, Manhattan Community Board 5, Manhattan, New York County, City of New York, New York, 10019, United States",West 57th Street,Manhattan,"321, Court Street, Carroll Gardens, Brooklyn, Kings County, City of New York, New York, 11231, United States",Court Street,Brooklyn
id2269655,1,2016-04-06 20:27:46,2016-04-06 20:42:09,1,-73.97124481201173,40.76081848144531,-73.98242950439453,40.73592758178711,N,863,"425, Park Avenue, Manhattan Community Board 5, Manhattan, New York County, City of New York, New York, 10022, United States",Park Avenue,Manhattan,"1000300021, East 20th Street, Manhattan Community Board 6, Manhattan, New York County, City of New York, New York, 10010, United States",East 20th Street,Manhattan
id1969749,1,2016-02-19 16:10:19,2016-02-19 16:20:43,1,-73.98036193847656,40.77790069580078,-73.95592498779298,40.78479385375977,N,624,"140, West 72nd Street, Upper West Side, Manhattan, New York County, City of New York, New York, 10023, United States",West 72nd Street,Manhattan,"Hotel Wales, 1295, Madison Avenue, Manhattan Community Board 8, Manhattan, New York County, City of New York, New York, 10037, United States",Madison Avenue,Manhattan
id2032655,1,2016-05-10 18:23:30,2016-05-10 18:30:36,1,-73.98257446289062,40.75105285644531,-73.98081970214844,40.740516662597656,N,426,"431, 5th Avenue, Manhattan Community Board 5, Manhattan, New York County, City of New York, New York, 10018, United States",5th Avenue,Manhattan,"217, East 26th Street, Manhattan Community Board 6, Manhattan, New York County, City of New York, New York, 10016, United States",East 26th Street,Manhattan
id2542458,1,2016-03-06 10:33:45,2016-03-06 10:36:46,2,-73.99113464355469,40.74531936645508,-73.99238586425781,40.74897003173828,N,181,"Hee Korean BBQ Grill, 793, 6th Avenue, Manhattan Community Board 5, Manhattan, New York County, City of New York, New York, 10001, United States",6th Avenue,Manhattan,"370, 7th Avenue, Chelsea District, Manhattan, New York County, City of New York, New York, 10001, United States",7th Avenue,Manhattan
id0588978,1,2016-06-04 03:08:12,2016-06-04 03:33:19,3,-73.99171447753906,40.727088928222656,-73.97997283935547,40.6820068359375,N,1507,"38, East 4th Street, Manhattan Community Board 2, Manhattan, New York County, City of New York, New York, 10012, United States",East 4th Street,Manhattan,"84, 4th Avenue, Brooklyn, Kings County, City of New York, New York, 11217, United States",4th Avenue,Brooklyn
id3786690,1,2016-06-21 19:32:30,2016-06-21 19:52:08,1,-73.99020385742188,40.74067687988281,-73.97611999511719,40.77593994140625,N,1178,"Albert Building, 5th Avenue, Manhattan Community Board 5, Manhattan, New York County, City of New York, New York, 10035, United States",5th Avenue,Manhattan,"Citi Bike, Central Park West, Upper West Side, Manhattan, New York County, City of New York, New York, 10023, United States",Central Park West,Manhattan
id0773686,2,2016-02-29 18:05:21,2016-02-29 18:29:20,1,-73.9908676147461,40.69615936279297,-73.97248077392578,40.64242935180664,N,1439,"Tillary Street, Downtown Brooklyn, Kings County, City of New York, New York, 11201, United States",Tillary Street,Kings County,"385, East 7th Street, Kensington, Brooklyn, Kings County, City of New York, New York, 11218, United States",East 7th Street,Brooklyn
id0595224,1,2016-02-27 13:51:32,2016-02-27 14:02:01,1,-73.99529266357422,40.744815826416016,-73.9771499633789,40.750267028808594,N,629,"Citi Bike - West 24th Street & 7th Avenue, West 24th Street, Chelsea District, Manhattan, New York County, City of New York, New York, 10011, United States",West 24th Street,Manhattan,"124, East 40th Street, Manhattan Community Board 6, Manhattan, New York County, City of New York, New York, 10016, United States",East 40th Street,Manhattan
id2395114,1,2016-04-21 20:22:14,2016-04-21 21:00:23,1,-73.98066711425781,40.78195190429688,-73.98983764648438,40.72062301635742,N,2289,"NYLO New York City, 2178, West 77th Street, Upper West Side, Manhattan, New York County, City of New York, New York, 10024, United States",West 77th Street,Manhattan,"147, Allen Street, Manhattan Community Board 3, Manhattan, New York County, City of New York, New York, 10002, United States",Allen Street,Manhattan
id0597218,2,2016-02-22 16:39:18,2016-02-22 16:44:55,1,-74.00194549560547,40.740482330322266,-73.99073791503906,40.7461051940918,N,337,"14th Street, West 15th Street, Chelsea District, Manhattan, New York County, City of New York, New York, 10011, United States",West 15th Street,Manhattan,"Phone Booth, West 28th Street, Flower District, Manhattan Community Board 5, Manhattan, New York County, City of New York, New York, 10001, United States",West 28th Street,Manhattan
id2425653,2,2016-03-31 02:11:05,2016-03-31 02:13:50,1,-73.98367309570312,40.74894332885742,-73.98876953125,40.7386589050293,N,165,"1 East 35th Street, 1, East 35th Street, Manhattan Community Board 5, Manhattan, New York County, City of New York, New York, 10016, United States",East 35th Street,Manhattan,"30, East 20th Street, Manhattan Community Board 5, Manhattan, New York County, City of New York, New York, 10003, United States",East 20th Street,Manhattan
id1552858,2,2016-05-27 10:57:54,2016-05-27 11:09:12,1,-73.94969177246094,40.784610748291016,-73.95280456542969,40.78895568847656,N,678,"Citi Bike - 3rd Avenue & East 95th Street, 3rd Avenue, Manhattan Community Board 8, Manhattan, New York County, City of New York, New York, 10128, United States",3rd Avenue,Manhattan,"The Mount Sinai Hospital, 1, East 99th Street, Manhattan Community Board 11, Manhattan, New York County, City of New York, New York, 10129, United States",East 99th Street,Manhattan
id0114544,2,2016-03-08 04:40:08,2016-03-08 05:00:37,1,-74.0056381225586,40.74047088623047,-73.93546295166014,40.696941375732415,N,1229,"Kobrick Coffee, 28, 9th Avenue, Manhattan Community Board 2, Manhattan, New York County, City of New York, New York, 10014, United States",9th Avenue,Manhattan,"Myrtle Avenue & Broadway, Myrtle Avenue, Brooklyn, Kings County, City of New York, New York, 11206, United States",Myrtle Avenue,Brooklyn
id0351472,1,2016-04-22 21:00:56,2016-04-22 21:05:25,1,-73.97268676757811,40.79317474365234,-73.96446228027344,40.80339813232422,N,269,"2518, Broadway, Manhattan Community Board 7, Manhattan, New York County, City of New York, New York, 10025, United States",Broadway,Manhattan,"509, Cathedral Parkway, Bloomingdale, Manhattan Community Board 9, Manhattan, New York County, City of New York, New York, 10025, United States",Cathedral Parkway,Manhattan
id0819481,2,2016-05-15 15:59:23,2016-05-15 16:07:51,2,-73.99514770507811,40.71849822998047,-73.97917938232422,40.71229934692383,N,508,"116, Bowery, Manhattan Community Board 2, Manhattan, New York County, City of New York, New York, 10013, United States",Bowery,Manhattan,"Citi Bike - Cherry Street @ Corlears Hook Park, Cherry Street, Lower East Side, Manhattan, New York County, City of New York, New York, 10002, United States",Cherry Street,Manhattan
id2440127,2,2016-01-05 07:21:40,2016-01-05 07:27:34,2,-73.97312927246094,40.79307556152344,-73.96154022216798,40.796180725097656,N,354,"Broadway & West 94th Street, Broadway, Manhattan Community Board 7, Manhattan, New York County, City of New York, New York, 10025, United States",Broadway,Manhattan,"103th Street, Central Park West, Bloomingdale, Upper West Side, Manhattan, New York County, City of New York, New York, 10025, United States",Central Park West,Manhattan
id1937245,2,2016-02-24 23:18:02,2016-02-24 23:26:28,1,-73.98970031738281,40.73569869995117,-74.00801086425781,40.71141052246094,N,506,"14th Street–Union Square, East 14th Street, Manhattan Community Board 5, Manhattan, New York County, City of New York, New York, 10003, United States",East 14th Street,Manhattan,"Park Row, Financial District, Manhattan, New York County, City of New York, New York, 10279, United States",Park Row,Manhattan
id3597013,1,2016-03-07 16:11:47,2016-03-07 17:02:59,1,-73.78339385986328,40.64864349365234,-73.93470764160156,40.69763946533203,N,3072,"Terminal 7 Pick-Up B, Terminal 7 Arrivals, Queens, City of New York, New York, 11430, United States",Terminal 7 Arrivals,Queens,"23, Jefferson Street, Brooklyn, Kings County, City of New York, New York, 11206, United States",Jefferson Street,Brooklyn
id3622015,2,2016-04-19 23:58:37,2016-04-19 23:59:58,5,-74.00630950927734,40.73348617553711,-74.00197601318358,40.73942565917969,N,81,"Hudson Street & Christopher Street, Hudson Street, Manhattan Community Board 2, Manhattan, New York County, City of New York, New York, 10014, United States",Hudson Street,Manhattan,"248, West 14th Street, Manhattan Community Board 2, Manhattan, New York County, City of New York, New York, 10011, United States",West 14th Street,Manhattan
id3868068,1,2016-03-18 11:22:33,2016-03-18 11:31:50,1,-73.9843521118164,40.77482604980469,-73.97779846191406,40.78386306762695,N,557,"Aire, 150, Amsterdam Avenue, Upper West Side, Manhattan, New York County, City of New York, New York, 10023, United States",Amsterdam Avenue,Manhattan,"420, Amsterdam Avenue, Manhattan Community Board 7, Manhattan, New York County, City of New York, New York, 10024, United States",Amsterdam Avenue,Manhattan
id1945442,2,2016-01-21 17:19:29,2016-01-21 17:23:04,2,-73.96275329589844,40.76673126220703,-73.96074676513672,40.77510833740234,N,215,"1153, 3rd Avenue, Manhattan Community Board 8, Manhattan, New York County, City of New York, New York, 10065, United States",3rd Avenue,Manhattan,"885, Park Avenue, Manhattan Community Board 8, Manhattan, New York County, City of New York, New York, 10075, United States",Park Avenue,Manhattan
id0456957,1,2016-01-18 10:08:04,2016-01-18 10:27:51,1,-74.00664520263672,40.720401763916016,-73.96443939208984,40.754661560058594,N,1187,"19, Varick Street, Manhattan Community Board 1, Manhattan, New York County, City of New York, New York, 10013, United States",Varick Street,Manhattan,"414, East 52nd Street, Manhattan Community Board 6, Manhattan, New York County, City of New York, New York, 10022, United States",East 52nd Street,Manhattan
id0284685,2,2016-05-17 21:32:30,2016-05-17 21:39:47,1,-74.00003814697266,40.72688293457031,-73.98519134521484,40.74201583862305,N,437,"Starbucks, West Houston Street, Manhattan Community Board 2, Manhattan, New York County, City of New York, New York, 10014, United States",West Houston Street,Manhattan,"360, Park Avenue South, Manhattan Community Board 5, Manhattan, New York County, City of New York, New York, 10010, United States",Park Avenue South,Manhattan
id2708919,1,2016-03-15 16:04:39,2016-03-15 16:13:09,1,-74.00890350341797,40.71918487548828,-73.99869537353516,40.73966598510742,N,510,"101, Hudson Street, Manhattan Community Board 1, Manhattan, New York County, City of New York, New York, 10013, United States",Hudson Street,Manhattan,"91, 7th Avenue, Chelsea District, Manhattan, New York County, City of New York, New York, 10011, United States",7th Avenue,Manhattan
id2015214,2,2016-05-16 11:14:27,2016-05-16 11:23:22,1,-73.98731231689453,40.74441909790039,-74.00604248046875,40.73497009277344,N,535,"245, 5th Avenue, Manhattan Community Board 5, Manhattan, New York County, City of New York, New York, 10016, United States",5th Avenue,Manhattan,"548 1/2, Hudson Street, Manhattan Community Board 2, Manhattan, New York County, City of New York, New York, 10014, United States",Hudson Street,Manhattan
id3069634,1,2016-05-29 21:12:25,2016-05-29 21:55:35,2,-73.77677917480467,40.64529800415039,-73.97515869140625,40.68948745727539,N,2590,"John F. Kennedy International Airport, JFK Access Road, Queens, City of New York, New York, 11430, United States",JFK Access Road,Queens,"6, South Portland Avenue, Brooklyn, Kings County, City of New York, New York, 11217, United States",South Portland Avenue,Brooklyn
id3120791,1,2016-06-11 21:31:57,2016-06-11 21:47:57,1,-73.98455810546875,40.74870300292969,-73.98538970947266,40.75971221923828,N,960,"362, 5th Avenue, Manhattan Community Board 5, Manhattan, New York County, City of New York, New York, 10001, United States",5th Avenue,Manhattan,"Morgan Stanley Building, 1585, Broadway, Times Square, Manhattan, New York County, City of New York, New York, 10019, United States",Broadway,Manhattan
id2578522,1,2016-05-19 04:14:05,2016-05-19 04:32:42,1,-73.98804473876955,40.73820877075195,-73.9153594970703,40.779441833496094,N,1117,"Ligne Roset, 250, Park Avenue South, Manhattan Community Board 5, Manhattan, New York County, City of New York, New York, 10003, United States",Park Avenue South,Manhattan,"23-17, Ditmars Boulevard, Steinway, Queens, City of New York, New York, 11105, United States",Ditmars Boulevard,Queens
id2013122,2,2016-05-09 16:04:20,2016-05-09 16:26:14,1,-73.99176025390625,40.764869689941406,-73.95440673828125,40.80561828613281,N,1314,"737, 10th Avenue, Manhattan Community Board 4, Manhattan, New York County, City of New York, New York, 10019, United States",10th Avenue,Manhattan,"116th Street, West 116th Street, Manhattan Community Board 10, Manhattan, New York County, City of New York, New York, 10026, United States",West 116th Street,Manhattan
id0950951,2,2016-03-04 00:53:03,2016-03-04 01:02:32,5,-73.97221374511719,40.76305389404297,-73.9472427368164,40.78828048706055,N,569,"600 Madison Avenue, 600, Madison Avenue, Manhattan Community Board 5, Manhattan, New York County, City of New York, New York, 10022, United States",Madison Avenue,Manhattan,"1814, 3rd Avenue, Manhattan Community Board 11, Manhattan, New York County, City of New York, New York, 10029, United States",3rd Avenue,Manhattan
id1950177,2,2016-06-14 21:56:03,2016-06-14 22:04:21,1,-73.98668670654298,40.75783920288085,-73.97209167480467,40.76224136352539,N,498,"One Astor Place, 1515, Broadway, Times Square, Manhattan, New York County, City of New York, New York, 10019, United States",Broadway,Manhattan,"Fuller Building, East 57th Street, Manhattan Community Board 5, Manhattan, New York County, City of New York, New York, 10022, United States",East 57th Street,Manhattan
id1076538,2,2016-04-28 07:13:44,2016-04-28 07:22:35,1,-73.9762191772461,40.744361877441406,-73.98046875,40.76028823852539,N,531,"617, 2nd Avenue, Kips Bay, Manhattan, New York County, City of New York, New York, 10016, United States",2nd Avenue,Manhattan,"Rockefeller Center, 45, Rockefeller Plaza, Manhattan Community Board 5, Manhattan, New York County, City of New York, New York, 10111, United States",Rockefeller Plaza,Manhattan
id1028166,2,2016-05-05 22:35:16,2016-05-05 23:20:59,5,-73.87307739257811,40.774089813232415,-73.99122619628906,40.74731063842773,N,2743,"LaGuardia Airport, 14th Road, Queens, City of New York, New York, 11371, United States",14th Road,Queens,"129, West 29th Street, Chelsea District, Manhattan, New York County, City of New York, New York, 10001, United States",West 29th Street,Manhattan
id0074169,2,2016-06-29 12:03:12,2016-06-29 12:23:19,1,-73.99429321289062,40.75603485107422,-73.99113464355469,40.7327880859375,N,1207,"502, 9th Avenue, Manhattan Community Board 4, Manhattan, New York County, City of New York, New York, 10018, United States",9th Avenue,Manhattan,"814, Broadway, Manhattan Community Board 2, Manhattan, New York County, City of New York, New York, 10003, United States",Broadway,Manhattan
id2638911,2,2016-01-09 10:06:10,2016-01-09 10:15:50,3,-73.96060943603516,40.81652069091797,-73.95169067382812,40.82707977294922,N,580,"552, Riverside Drive, Morningside Heights, Manhattan, New York County, City of New York, New York, 10027, United States",Riverside Drive,Manhattan,"West 145th Street & Riverside Drive, West 145th Street, Manhattan Community Board 9, Manhattan, New York County, City of New York, New York, 10031, United States",West 145th Street,Manhattan
id0596188,1,2016-03-10 13:10:21,2016-03-10 13:27:38,2,-73.9722671508789,40.75012969970703,-74.00776672363281,40.70353698730469,N,1037,"Pfizer Building, East 43rd Street, Midtown East, Manhattan, New York County, City of New York, New York, 10017, United States",East 43rd Street,Manhattan,"One Financial Square, 33, Old Slip, Financial District, Manhattan, New York County, City of New York, New York, 10005, United States",Old Slip,Manhattan
id2568555,1,2016-04-02 23:37:22,2016-04-02 23:44:30,3,-73.9885482788086,40.742942810058594,-73.98506927490234,40.732234954833984,N,428,"5th Avenue & East 26th Street, 5th Avenue, Manhattan Community Board 5, Manhattan, New York County, City of New York, New York, 10035, United States",5th Avenue,Manhattan,"2nd Avenue & East 14th Street, 2nd Avenue, Manhattan Community Board 3, Manhattan, New York County, City of New York, New York, 10035, United States",2nd Avenue,Manhattan
id3910347,1,2016-05-07 13:44:32,2016-05-07 13:49:45,2,-74.0008316040039,40.73180389404297,-73.99034881591797,40.73295211791992,N,313,"IND Sixth Avenue Line (downtown), West 4th Street, Washington Square Village, Manhattan Community Board 2, Manhattan, New York County, City of New York, New York, 10014, United States",West 4th Street,Manhattan,"77, East 12th Street, Manhattan Community Board 2, Manhattan, New York County, City of New York, New York, 10003, United States",East 12th Street,Manhattan
id0956505,2,2016-06-26 17:01:40,2016-06-26 17:13:23,6,-73.96646118164062,40.7841911315918,-73.97393798828125,40.76307678222656,N,703,"190, 86th Street Transverse, Manhattan, New York County, City of New York, New York, 10024, United States",86th Street Transverse,Manhattan,"742, 5th Avenue, Midtown, Manhattan, New York County, City of New York, New York, 10019, United States",5th Avenue,Manhattan
id0089998,1,2016-05-03 14:55:42,2016-05-03 15:14:32,1,-73.9609375,40.76990127563477,-73.95535278320312,40.7459373474121,N,1130,"East 72nd Street & 3rd Avenue, East 72nd Street, Manhattan Community Board 8, Manhattan, New York County, City of New York, New York, 10021, United States",East 72nd Street,Manhattan,"The Maximilian, 5-11, 47th Avenue, Long Island City, Queens, City of New York, New York, 11101, United States",47th Avenue,Queens
id1965036,2,2016-05-12 10:43:20,2016-05-12 10:54:55,2,-73.98213958740234,40.77824020385742,-73.95929718017578,40.779949188232415,N,695,"2067, Broadway, Upper West Side, Manhattan, New York County, City of New York, New York, 10023, United States",Broadway,Manhattan,"1137, Madison Avenue, Manhattan Community Board 8, Manhattan, New York County, City of New York, New York, 10028, United States",Madison Avenue,Manhattan
id2444875,2,2016-04-07 08:42:54,2016-04-07 08:59:09,1,-73.944580078125,40.779441833496094,-73.97005462646483,40.75269317626953,N,975,"1755, York Avenue, Manhattan Community Board 8, Manhattan, New York County, City of New York, New York, 10128, United States",York Avenue,Manhattan,"Permanent Mission of the Kingdom of Bahrain to the United Nations, 866, 2nd Avenue, Manhattan Community Board 6, Manhattan, New York County, City of New York, New York, 10017, United States",2nd Avenue,Manhattan
id0344425,2,2016-06-13 18:27:27,2016-06-13 18:54:32,1,-73.97765350341797,40.7828369140625,-73.94502258300781,40.75212097167969,N,1625,"164, West 79th Street, Manhattan Community Board 7, Manhattan, New York County, City of New York, New York, 10024, United States",West 79th Street,Manhattan,"Court 16, Queens Plaza South, Queensbridge, Queens, City of New York, New York, 11101, United States",Queens Plaza South,Queens
id1514658,1,2016-03-22 08:23:09,2016-03-22 08:23:16,2,-73.90205383300781,40.76401138305664,-73.90206146240234,40.76402282714844,N,7,"24-55, Brooklyn-Queens Expressway West, Queens, City of New York, New York, 11377, United States",Brooklyn-Queens Expressway West,Queens,"24-55, Brooklyn-Queens Expressway West, Queens, City of New York, New York, 11377, United States",Brooklyn-Queens Expressway West,Queens
id3980645,1,2016-04-12 19:06:16,2016-04-12 19:15:05,1,-74.00334930419923,40.74878692626953,-73.98589324951173,40.77552032470703,N,529,"254, 10th Avenue, Chelsea District, Manhattan, New York County, City of New York, New York, 10001, United States",10th Avenue,Manhattan,"West 66th Street, Lincoln Towers, Manhattan, New York County, City of New York, New York, 10069, United States",West 66th Street,Manhattan
id3808644,2,2016-05-06 08:33:20,2016-05-06 08:42:34,3,-74.00514221191406,40.74626159667969,-73.9964370727539,40.76015090942383,N,554,"177, 10th Avenue, Chelsea District, Manhattan, New York County, City of New York, New York, 10011, United States",10th Avenue,Manhattan,"517, West 42nd Street, Manhattan Community Board 4, Manhattan, New York County, City of New York, New York, 10036, United States",West 42nd Street,Manhattan
id2935145,1,2016-03-16 19:29:02,2016-03-16 19:48:19,2,-73.97262573242188,40.753414154052734,-74.01478576660156,40.70809555053711,N,1157,"Capital One, East 46th Street, Manhattan Community Board 6, Manhattan, New York County, City of New York, New York, 10017, United States",East 46th Street,Manhattan,"90 Washington Street, 90, Washington Street, Manhattan Community Board 1, Manhattan, New York County, City of New York, New York, 10006, United States",Washington Street,Manhattan
id2745422,2,2016-06-22 08:00:46,2016-06-22 09:18:43,2,-73.7791519165039,40.64751052856445,-73.98214721679686,40.75698852539063,N,4677,"John F. Kennedy International Airport, JFK Access Road, Queens, City of New York, New York, 11430, United States",JFK Access Road,Queens,"1166 Avenue of the Americas, 1166, 6th Avenue, Manhattan Community Board 5, Manhattan, New York County, City of New York, New York, 10036, United States",6th Avenue,Manhattan
id1603901,2,2016-05-21 03:36:05,2016-05-21 03:46:20,1,-73.99189758300781,40.71863174438477,-73.99813079833984,40.733001708984375,N,615,"294, Broome Street, Manhattan Community Board 3, Manhattan, New York County, City of New York, New York, 10002, United States",Broome Street,Manhattan,"35, West 8th Street, Washington Square Village, Manhattan Community Board 2, Manhattan, New York County, City of New York, New York, 10011, United States",West 8th Street,Manhattan
id1273252,2,2016-01-09 02:56:38,2016-01-09 03:18:59,1,-73.9841537475586,40.72517013549805,-73.97827911376955,40.77886581420898,N,1341,"82, Avenue A, Manhattan Community Board 3, Manhattan, New York County, City of New York, New York, 10009, United States",Avenue A,Manhattan,"106, West 74th Street, Upper West Side, Manhattan, New York County, City of New York, New York, 10023, United States",West 74th Street,Manhattan
id2719594,2,2016-03-06 02:29:42,2016-03-06 02:35:53,1,-73.93697357177734,40.70195388793945,-73.94629669189453,40.69420623779297,N,371,"457, Bushwick Avenue, Brooklyn, Kings County, City of New York, New York, 11206, United States",Bushwick Avenue,Brooklyn,"Citi Bike - Willoughby Ave & Tompkins Ave, Willoughby Avenue, Brooklyn, Kings County, City of New York, New York, 11221, United States",Willoughby Avenue,Brooklyn
id1341512,2,2016-02-01 13:50:44,2016-02-01 14:03:13,1,-73.9926528930664,40.73822021484375,-73.9852066040039,40.75202941894531,N,749,"3, West 17th Street, Manhattan Community Board 5, Manhattan, New York County, City of New York, New York, 10011, United States",West 17th Street,Manhattan,"57, West 38th Street, Manhattan Community Board 5, Manhattan, New York County, City of New York, New York, 10018, United States",West 38th Street,Manhattan
id2484046,1,2016-05-13 00:05:58,2016-05-13 00:21:07,1,-73.98965454101562,40.7295036315918,-73.9525375366211,40.77568817138672,N,909,"1, Saint Mark's Place, Manhattan Community Board 3, Manhattan, New York County, City of New York, New York, 10003, United States",Saint Mark's Place,Manhattan,"305, East 83rd Street, Manhattan Community Board 8, Manhattan, New York County, City of New York, New York, 10028, United States",East 83rd Street,Manhattan
id0195551,2,2016-04-24 11:06:23,2016-04-24 11:11:38,1,-73.96810913085938,40.79211044311523,-73.97760772705078,40.78725814819336,N,315,"Citi Bike - Columbus Avenue & West 95th Street, Columbus Avenue, Manhattan Community Board 7, Manhattan, New York County, City of New York, New York, 10025, United States",Columbus Avenue,Manhattan,"2319, Broadway, Manhattan Community Board 7, Manhattan, New York County, City of New York, New York, 10024, United States",Broadway,Manhattan
id1720102,1,2016-04-18 15:44:50,2016-04-18 15:56:36,2,-73.9749755859375,40.75940704345703,-73.95333099365234,40.768463134765625,N,706,"15, East 52nd Street, Manhattan Community Board 5, Manhattan, New York County, City of New York, New York, 10022, United States",East 52nd Street,Manhattan,"439, East 74th Street, Lenox Hill, Manhattan, New York County, City of New York, New York, 10021, United States",East 74th Street,Manhattan
id2738203,2,2016-03-23 05:15:02,2016-03-23 05:27:53,1,-73.9982681274414,40.71707534790039,-73.98779296875,40.74568176269531,N,771,"197, Canal Street, Manhattan Community Board 2, Manhattan, New York County, City of New York, New York, 10013, United States",Canal Street,Manhattan,"12, West 29th Street, Manhattan Community Board 5, Manhattan, New York County, City of New York, New York, 10001, United States",West 29th Street,Manhattan
id2126330,1,2016-03-14 17:02:35,2016-03-14 17:21:02,1,-73.97422790527344,40.74208068847656,-73.9525833129883,40.77246856689453,N,1107,"NYU Langone Medical Center, FDR Drive, Kips Bay, Manhattan, New York County, City of New York, New York, 10016, United States",FDR Drive,Manhattan,"1514, 1st Avenue, Yorkville, Manhattan, New York County, City of New York, New York, 10075, United States",1st Avenue,Manhattan
id1596877,2,2016-04-19 10:17:24,2016-04-19 10:23:48,1,-73.99105072021484,40.69241333007813,-73.99755859375,40.678993225097656,N,384,"Starbucks, 50, Court Street, Cobble Hill, Brooklyn, Kings County, City of New York, New York, 11201, United States",Court Street,Brooklyn,"438, Court Street, Carroll Gardens, Brooklyn, Kings County, City of New York, New York, 11231, United States",Court Street,Brooklyn
id3355875,1,2016-04-03 22:09:43,2016-04-03 22:18:59,3,-73.98892211914062,40.742523193359375,-73.97763061523438,40.75213623046875,N,556,"General Worth Monument, General Worth Square, Manhattan Community Board 5, Manhattan, New York County, City of New York, New York, 10010, United States",General Worth Square,Manhattan,"120, Park Avenue, Manhattan Community Board 5, Manhattan, New York County, City of New York, New York, 10016, United States",Park Avenue,Manhattan
id1877201,1,2016-04-30 18:52:00,2016-04-30 19:05:03,1,-73.99417114257811,40.75138473510742,-73.96984100341797,40.76581573486328,N,783,"Pennsylvania Station, Pennsylvania Plaza, Chelsea District, Manhattan, New York County, City of New York, New York, 10119, United States",Pennsylvania Plaza,Manhattan,"700, Madison Avenue, Manhattan Community Board 8, Manhattan, New York County, City of New York, New York, 10065, United States",Madison Avenue,Manhattan
id2670811,2,2016-05-18 23:44:30,2016-05-18 23:56:33,1,-73.98551177978516,40.74782180786133,-73.95276641845702,40.78668594360352,N,723,"2, West 33rd Street, Manhattan Community Board 5, Manhattan, New York County, City of New York, New York, 10001, United States",West 33rd Street,Manhattan,"71, East 96th Street, Manhattan Community Board 11, Manhattan, New York County, City of New York, New York, 10029, United States",East 96th Street,Manhattan
id2014385,2,2016-03-01 12:17:26,2016-03-01 12:24:15,3,-73.9791488647461,40.75313186645508,-73.97396087646483,40.760269165039055,N,409,"Sperry & Hutchinson Building, Madison Avenue, Midtown East, Manhattan, New York County, City of New York, New York, 10037, United States",Madison Avenue,Manhattan,"520 Madison Avenue, 520, Madison Avenue, Manhattan Community Board 5, Manhattan, New York County, City of New York, New York, 10037, United States",Madison Avenue,Manhattan
id3804599,1,2016-03-01 16:17:36,2016-03-01 17:08:38,2,-73.78485870361328,40.6485595703125,-73.97073364257811,40.79674911499024,N,3062,"JFK Access Road, Queens County, City of New York, New York, 11430, United States",JFK Access Road,Queens County,"243, West 99th Street, Bloomingdale, Manhattan Community Board 7, Manhattan, New York County, City of New York, New York, 10025, United States",West 99th Street,Manhattan
id0147751,2,2016-03-02 16:33:20,2016-03-02 16:39:27,1,-73.99674987792969,40.72388458251953,-73.98738098144531,40.72038650512695,N,367,"67, Prince Street, Manhattan Community Board 2, Manhattan, New York County, City of New York, New York, 10012, United States",Prince Street,Manhattan,"141, Essex Street, Manhattan Community Board 3, Manhattan, New York County, City of New York, New York, 10002, United States",Essex Street,Manhattan
id2180603,2,2016-02-05 13:58:23,2016-02-05 14:05:02,3,-74.00453186035155,40.74781036376953,-74.0044937133789,40.74214553833008,N,399,"TEN23, 500, West 23rd Street, Chelsea District, Manhattan, New York County, City of New York, New York, 10011, United States",West 23rd Street,Manhattan,"Joseph Curran Plaza, 9th Avenue, Chelsea District, Manhattan, New York County, City of New York, New York, 10019, United States",9th Avenue,Manhattan
id2579261,1,2016-01-27 13:59:02,2016-01-27 15:09:11,2,-73.78346252441406,40.64874267578125,-73.9786605834961,40.76331329345703,N,4209,"Terminal 7 Parking, Queens County, City of New York, New York, 11430, United States",Terminal 7 Parking,Queens County,"105, West 55th Street, Manhattan Community Board 5, Manhattan, New York County, City of New York, New York, 10019, United States",West 55th Street,Manhattan
id0306537,2,2016-01-06 12:22:20,2016-01-06 12:43:56,1,-73.96087646484375,40.75716018676758,-73.98885345458984,40.751121520996094,N,1296,"2, Sutton Place South, Manhattan Community Board 6, Manhattan, New York County, City of New York, New York, 10022, United States",Sutton Place South,Manhattan,"131, West 35th Street, Garment District, Manhattan, New York County, City of New York, New York, 10018, United States",West 35th Street,Manhattan
id2504910,1,2016-05-21 12:12:42,2016-05-21 12:22:06,2,-73.99710845947266,40.76266860961913,-73.99504089355469,40.750038146972656,N,564,"599, 11th Avenue, Manhattan Community Board 4, Manhattan, New York County, City of New York, New York, 10036, United States",11th Avenue,Manhattan,"LinkNYC, 8th Avenue, Manhattan Community Board 5, Manhattan, New York County, City of New York, New York, 10199, United States",8th Avenue,Manhattan
id2215828,1,2016-01-16 01:26:29,2016-01-16 01:32:46,1,-73.98438262939453,40.76012420654297,-73.9955825805664,40.76375961303711,N,377,"1600 Broadway, 1600, Broadway, Times Square, Manhattan, New York County, City of New York, New York, 10019, United States",Broadway,Manhattan,"550, West 47th Street, Manhattan Community Board 4, Manhattan, New York County, City of New York, New York, 10036, United States",West 47th Street,Manhattan
id3398067,1,2016-02-24 08:03:26,2016-02-24 08:09:54,1,-73.98210906982422,40.76263427734375,-73.99189758300781,40.74237823486328,N,388,"7th Avenue & West 53rd Street, 7th Avenue, Manhattan Community Board 5, Manhattan, New York County, City of New York, New York, 10019, United States",7th Avenue,Manhattan,"The Caroline, 700, 6th Avenue, Manhattan Community Board 5, Manhattan, New York County, City of New York, New York, 10019, United States",6th Avenue,Manhattan
id3767942,1,2016-02-17 01:20:22,2016-02-17 01:29:08,1,-73.98195648193358,40.74650192260742,-73.95077514648438,40.770904541015625,N,526,"53, East 33rd Street, Manhattan Community Board 5, Manhattan, New York County, City of New York, New York, 10016, United States",East 33rd Street,Manhattan,"1481, York Avenue, Upper East Side, Manhattan, New York County, City of New York, New York, 10075, United States",York Avenue,Manhattan
id2383212,1,2016-06-09 07:50:43,2016-06-09 08:22:42,1,-74.01596069335938,40.71113967895508,-73.96977996826173,40.75954818725585,N,1919,"Gateway Plaza 100, 345, South End Avenue, Manhattan Community Board 1, Manhattan, New York County, City of New York, New York, 10280, United States",South End Avenue,Manhattan,"135, East 55th Street, Manhattan Community Board 6, Manhattan, New York County, City of New York, New York, 10022, United States",East 55th Street,Manhattan
id0917901,2,2016-04-22 13:56:07,2016-04-22 14:13:54,1,-73.97007751464845,40.76565933227539,-73.99130249023438,40.75027847290039,N,1067,"692, Madison Avenue, Manhattan Community Board 8, Manhattan, New York County, City of New York, New York, 10065, United States",Madison Avenue,Manhattan,"Pennsylvania Station, Pennsylvania Plaza, Chelsea District, Manhattan, New York County, City of New York, New York, 10119, United States",Pennsylvania Plaza,Manhattan
id1540534,2,2016-06-12 18:08:50,2016-06-12 18:25:56,5,-73.97356414794923,40.76288604736328,-73.98539733886719,40.75836181640625,N,1026,"1, East 57th Street, Manhattan Community Board 5, Manhattan, New York County, City of New York, New York, 10022, United States",East 57th Street,Manhattan,"1, Times Square, Theater District, Manhattan, New York County, City of New York, New York, 10036, United States",Times Square,Manhattan
id2067929,2,2016-05-23 13:39:00,2016-05-23 14:01:38,6,-73.98117065429686,40.750038146972656,-74.0103759765625,40.72151565551758,N,1358,"Madison Towers Hotel, 22, East 38th Street, Manhattan Community Board 6, Manhattan, New York County, City of New York, New York, 10016, United States",East 38th Street,Manhattan,"28, Hubert Street, Manhattan Community Board 1, Manhattan, New York County, City of New York, New York, 10013, United States",Hubert Street,Manhattan
id0427262,1,2016-01-08 14:59:39,2016-01-08 15:14:14,1,-73.99529266357422,40.74957275390625,-73.98457336425781,40.7797737121582,N,875,"LinkNYC, 8th Avenue, Chelsea, Manhattan, New York County, City of New York, New York, 10001, United States",8th Avenue,Manhattan,"West End Avenue & West 72nd Street, West End Avenue, Upper West Side, Manhattan, New York County, City of New York, New York, 10069, United States",West End Avenue,Manhattan
id0947462,1,2016-06-08 07:00:23,2016-06-08 07:05:36,1,-74.00005340576173,40.76133728027344,-73.98736572265625,40.75305938720703,N,313,"Kings of Kobe, 650, West 42nd Street, Hell's Kitchen, Manhattan, New York County, City of New York, New York, 10036, United States",West 42nd Street,Manhattan,"1407 Broadway, 1407, Broadway, Garment District, Manhattan, New York County, City of New York, New York, 10018, United States",Broadway,Manhattan
id1213043,1,2016-01-25 08:25:09,2016-01-25 08:55:57,4,-73.98436737060547,40.76555252075195,-74.01093292236328,40.70171356201172,N,1848,"310, West 55th Street, Hell's Kitchen, Manhattan, New York County, City of New York, New York, 10019, United States",West 55th Street,Manhattan,"1, Battery Park Underpass, Financial District, Manhattan, New York County, City of New York, New York, 10041, United States",Battery Park Underpass,Manhattan
id3836273,2,2016-06-03 08:24:37,2016-06-03 08:45:57,1,-73.94886779785155,40.7735710144043,-73.9764175415039,40.79360961914063,N,1280,"York Avenue & East 82nd Street, York Avenue, Manhattan Community Board 8, Manhattan, New York County, City of New York, New York, 10128, United States",York Avenue,Manhattan,"202, Riverside Drive, Upper West Side, Manhattan, New York County, City of New York, New York, 10025, United States",Riverside Drive,Manhattan
id0879172,1,2016-02-16 10:58:13,2016-02-16 11:04:00,1,-73.99420166015625,40.73528289794922,-73.99651336669923,40.72705841064453,N,347,"The New School, 72, 5th Avenue, Manhattan Community Board 2, Manhattan, New York County, City of New York, New York, 10011, United States",5th Avenue,Manhattan,"New York University, Great Jones Alley, Manhattan Community Board 2, Manhattan, New York County, City of New York, New York, 10012, United States",Great Jones Alley,Manhattan
id0677366,2,2016-03-08 18:18:34,2016-03-08 18:23:18,1,-73.98040008544923,40.78263854980469,-73.98246002197266,40.77257919311523,N,284,"227, West 77th Street, Upper West Side, Manhattan, New York County, City of New York, New York, 10024, United States",West 77th Street,Manhattan,"Lincoln Center for the Performing Arts, 10, West 61st Street, Manhattan Community Board 7, Manhattan, New York County, City of New York, New York, 10023, United States",West 61st Street,Manhattan
id1672081,2,2016-01-13 11:32:55,2016-01-13 11:47:15,1,-73.9784927368164,40.74578857421875,-73.985107421875,40.741920471191406,N,860,"Perlmutter Cancer Center, 160, East 34th Street, Manhattan Community Board 6, Manhattan, New York County, City of New York, New York, 10016, United States",East 34th Street,Manhattan,"360, Park Avenue South, Manhattan Community Board 5, Manhattan, New York County, City of New York, New York, 10010, United States",Park Avenue South,Manhattan
id0964703,1,2016-03-04 18:29:45,2016-03-04 18:45:08,2,-73.98191833496094,40.77840042114258,-73.96533966064453,40.76183319091797,N,923,"72nd Street, Broadway, Upper West Side, Manhattan, New York County, City of New York, New York, 10034, United States",Broadway,Manhattan,"217, East 60th Street, Manhattan Community Board 8, Manhattan, New York County, City of New York, New York, 10065, United States",East 60th Street,Manhattan
id3287897,1,2016-02-11 15:53:39,2016-02-11 16:03:08,1,-73.99759674072266,40.724266052246094,-74.0057601928711,40.73232650756836,N,569,"568, Prince Street, Manhattan Community Board 2, Manhattan, New York County, City of New York, New York, 10012, United States",Prince Street,Manhattan,"12, Grove Street, Manhattan Community Board 2, Manhattan, New York County, City of New York, New York, 10014, United States",Grove Street,Manhattan
id3742117,2,2016-03-27 16:11:14,2016-03-27 16:16:11,5,-73.96673583984375,40.78899765014648,-73.95658111572266,40.781700134277344,N,297,"USPS, Central Park West, Manhattan Community Board 7, Manhattan, New York County, City of New York, New York, 10025, United States",Central Park West,Manhattan,"73, East 88th Street, Manhattan Community Board 8, Manhattan, New York County, City of New York, New York, 10128, United States",East 88th Street,Manhattan
id1882100,1,2016-04-22 01:20:00,2016-04-22 01:52:02,1,-73.98847961425781,40.73147201538085,-73.88807678222656,40.74528884887695,N,1922,"Third North, 75, 3rd Avenue, Manhattan Community Board 3, Manhattan, New York County, City of New York, New York, 10003, United States",3rd Avenue,Manhattan,"77-11, Broadway, Queens, City of New York, New York, 11373, United States",Broadway,Queens
id0790516,1,2016-01-03 23:17:58,2016-01-03 23:30:55,2,-73.9715805053711,40.79471206665039,-73.98236083984375,40.77429580688477,N,777,"The Ancott, Broadway, Manhattan Community Board 7, Manhattan, New York County, City of New York, New York, 10025, United States",Broadway,Manhattan,"Newsstand, Broadway, Upper West Side, Manhattan, New York County, City of New York, New York, 10023, United States",Broadway,Manhattan
id1253892,1,2016-04-27 22:03:40,2016-04-27 22:16:47,1,-74.00938415527344,40.70420455932617,-73.9769973754883,40.75188827514648,N,787,"7 Hanover Square, 7, Hanover Square, Financial District, Manhattan, New York County, City of New York, New York, 10004, United States",Hanover Square,Manhattan,"42nd Street–Grand Central (7), Lexington Avenue, Manhattan Community Board 6, Manhattan, New York County, City of New York, New York, 10035, United States",Lexington Avenue,Manhattan
id2364839,1,2016-04-05 13:55:47,2016-04-05 14:07:57,1,-73.97807312011719,40.756832122802734,-73.99340057373048,40.74665069580078,N,730,"585, 5th Avenue, Midtown East, Manhattan, New York County, City of New York, New York, 10017, United States",5th Avenue,Manhattan,"305, 7th Avenue, Flower District, Manhattan Community Board 5, Manhattan, New York County, City of New York, New York, 10001, United States",7th Avenue,Manhattan
id3908732,1,2016-03-19 03:49:34,2016-03-19 03:57:05,1,-73.96879577636719,40.754695892333984,-73.98579406738281,40.72296524047852,N,451,"2nd Avenue & East 50th Street, 2nd Avenue, Manhattan Community Board 6, Manhattan, New York County, City of New York, New York, 10035, United States",2nd Avenue,Manhattan,"20, Avenue A, Manhattan Community Board 3, Manhattan, New York County, City of New York, New York, 10009, United States",Avenue A,Manhattan
id3390921,1,2016-02-02 03:37:42,2016-02-02 03:51:39,1,-73.9435043334961,40.68000411987305,-73.99079895019531,40.6596908569336,N,837,"1430, Fulton Street, Bedford-Stuyvesant, Brooklyn, Kings County, City of New York, New York, 11216, United States",Fulton Street,Brooklyn,"312, 21st Street, South Slope, Sunset Park, Kings County, City of New York, New York, 11215, United States",21st Street,Kings County
id2175764,2,2016-05-07 22:14:22,2016-05-07 22:32:05,1,-73.98129272460938,40.74980545043945,-74.0037384033203,40.72993850708008,N,1063,"237, Madison Avenue, Manhattan Community Board 6, Manhattan, New York County, City of New York, New York, 10016, United States",Madison Avenue,Manhattan,"45, Carmine Street, University Village, West Village, Manhattan, New York County, City of New York, New York, 10014, United States",Carmine Street,Manhattan
id1949640,2,2016-02-05 13:38:35,2016-02-05 13:41:20,3,-73.98099517822266,40.72962951660156,-73.98760986328125,40.72383499145508,N,165,"207, Avenue A, Alphabet City, Manhattan Community Board 3, Manhattan, New York County, City of New York, New York, 10009, United States",Avenue A,Manhattan,"99, East 2nd Street, Alphabet City, East Village, Manhattan, New York County, City of New York, New York, 10009, United States",East 2nd Street,Manhattan
id2256911,1,2016-03-29 22:20:49,2016-03-29 22:37:23,1,-73.99313354492188,40.757286071777344,-74.01738739013672,40.710670471191406,N,994,"Port Authority Bus Terminal, 625, 8th Avenue, Manhattan Community Board 4, Manhattan, New York County, City of New York, New York, 10018, United States",8th Avenue,Manhattan,"Gateway Plaza 300, 365, South End Avenue, Manhattan Community Board 1, Manhattan, New York County, City of New York, New York, 10280, United States",South End Avenue,Manhattan
id3028295,2,2016-02-17 13:35:27,2016-02-17 14:02:14,2,-73.98991394042969,40.74340057373047,-74.01144409179686,40.70853805541992,N,1607,"St. Sava Serbian Orthodox Church Parish House, 13, West 25th Street, Manhattan Community Board 5, Manhattan, New York County, City of New York, New York, 10010, United States",West 25th Street,Manhattan,"One Trinity Centre, Thames Street, Manhattan Community Board 1, Manhattan, New York County, City of New York, New York, 10006, United States",Thames Street,Manhattan
id0809538,1,2016-04-20 19:41:05,2016-04-20 19:47:19,1,-73.98247528076173,40.77306365966797,-73.9881591796875,40.76318740844727,N,374,"Lincoln Center for the Performing Arts, 10, West 61st Street, Manhattan Community Board 7, Manhattan, New York County, City of New York, New York, 10023, United States",West 61st Street,Manhattan,"351, West 50th Street, Manhattan Community Board 4, Manhattan, New York County, City of New York, New York, 10019, United States",West 50th Street,Manhattan
id0157197,1,2016-04-27 00:45:05,2016-04-27 01:00:49,1,-73.99153900146483,40.72693252563477,-73.93596649169923,40.79523086547852,N,944,"361, Bowery, Manhattan Community Board 3, Manhattan, New York County, City of New York, New York, 10003, United States",Bowery,Manhattan,"2234, 1st Avenue, East Harlem, Manhattan, New York County, City of New York, New York, 10029, United States",1st Avenue,Manhattan
id0728350,2,2016-05-07 10:06:30,2016-05-07 10:16:36,1,-73.9966812133789,40.731269836425774,-73.98822784423827,40.74467086791992,N,606,"New York University, Great Jones Alley, Manhattan Community Board 2, Manhattan, New York County, City of New York, New York, 10012, United States",Great Jones Alley,Manhattan,"8, West 28th Street, Manhattan Community Board 5, Manhattan, New York County, City of New York, New York, 10001, United States",West 28th Street,Manhattan
id0410928,2,2016-03-06 13:16:40,2016-03-06 13:29:34,1,-73.98008728027342,40.73925018310547,-73.98381805419923,40.755619049072266,N,774,"248, East 25th Street, Manhattan Community Board 6, Manhattan, New York County, City of New York, New York, 10010, United States",East 25th Street,Manhattan,"111, West 43rd Street, Theater District, Manhattan, New York County, City of New York, New York, 10036, United States",West 43rd Street,Manhattan
id3414812,2,2016-04-01 19:01:53,2016-04-01 19:19:10,1,-73.95350646972656,40.7671012878418,-73.99434661865234,40.74848937988281,N,1037,"York Avenue & East 72nd Street, York Avenue, Lenox Hill, Manhattan, New York County, City of New York, New York, 10128, United States",York Avenue,Manhattan,"233, West 29th Street, Chelsea, Manhattan, New York County, City of New York, New York, 10001, United States",West 29th Street,Manhattan
id0747353,1,2016-01-07 14:56:52,2016-01-07 15:01:36,1,-73.98889923095702,40.73657989501953,-73.98043823242188,40.74259567260742,N,284,"East 17th Street, Union Square, Manhattan, New York County, City of New York, New York, 10010, United States",East 17th Street,Manhattan,"Habitat, East 29th Street, Manhattan Community Board 6, Manhattan, New York County, City of New York, New York, 10016, United States",East 29th Street,Manhattan
id3299627,2,2016-02-12 10:58:32,2016-02-12 11:07:43,5,-73.97951507568358,40.77135848999024,-73.9736328125,40.75669860839844,N,551,"The Prasada, 50, Central Park West, Manhattan Community Board 7, Manhattan, New York County, City of New York, New York, 10023, United States",Central Park West,Manhattan,"Waldorf-Astoria Hotel, 301, Park Avenue, Manhattan Community Board 5, Manhattan, New York County, City of New York, New York, 10037, United States",Park Avenue,Manhattan
id1645477,1,2016-02-03 21:32:34,2016-02-03 21:39:45,1,-73.98709869384766,40.756629943847656,-74.00548553466798,40.7481803894043,N,431,"3 Times Square, 3, Times Square, Manhattan, New York County, City of New York, New York, 10036, United States",Times Square,Manhattan,"524, West 23rd Street, Chelsea District, Manhattan, New York County, City of New York, New York, 10011, United States",West 23rd Street,Manhattan
id1119337,2,2016-03-30 20:37:39,2016-03-30 21:02:28,2,-73.95015716552734,40.78398895263672,-73.9930191040039,40.74782943725585,N,1489,"1683, 3rd Avenue, Manhattan Community Board 8, Manhattan, New York County, City of New York, New York, 10128, United States",3rd Avenue,Manhattan,"28th Street, 7th Avenue, Manhattan Community Board 5, Manhattan, New York County, City of New York, New York, 10001, United States",7th Avenue,Manhattan
id2402832,1,2016-01-22 09:43:46,2016-01-22 10:07:35,1,-73.9996109008789,40.72189331054688,-73.97987365722656,40.74327087402344,N,1429,"Haughwout Building, Broome Street, Manhattan Community Board 2, Manhattan, New York County, City of New York, New York, 10012, United States",Broome Street,Manhattan,"Banc, 431, 3rd Avenue, Manhattan Community Board 6, Manhattan, New York County, City of New York, New York, 10016, United States",3rd Avenue,Manhattan
id0990371,1,2016-06-27 14:53:45,2016-06-27 15:05:15,1,-73.9876708984375,40.7522087097168,-73.98212432861328,40.77359390258789,N,690,"V&S Gallery, Broadway Boulevard, Garment District, Manhattan, New York County, City of New York, New York, 10120, United States",Broadway Boulevard,Manhattan,"66th Street - Lincoln Center, West 65th Street, Manhattan Community Board 7, Manhattan, New York County, City of New York, New York, 10023, United States",West 65th Street,Manhattan
id2268958,2,2016-01-18 12:25:12,2016-01-18 12:37:22,1,-73.99835968017578,40.74081039428711,-73.9871597290039,40.75125122070313,N,730,"124, 7th Avenue, Chelsea District, Manhattan, New York County, City of New York, New York, 10011, United States",7th Avenue,Manhattan,"101, West 36th Street, Garment District, Manhattan, New York County, City of New York, New York, 10018, United States",West 36th Street,Manhattan
